{
  "uas":0.0,
  "las":0.0,
  "ents_p":88.1209868199,
  "ents_r":87.7650622686,
  "ents_f":87.9426644182,
  "ents_per_type":{
    "PER":{
      "p":88.4552845528,
      "r":88.5993485342,
      "f":88.5272579333
    },
    "LOC":{
      "p":90.9429941396,
      "r":92.9232444203,
      "f":91.9224555735
    },
    "ORG":{
      "p":83.120780195,
      "r":82.624906786,
      "f":82.8721017203
    },
    "MISC":{
      "p":88.9918887601,
      "r":83.2971800434,
      "f":86.0504201681
    }
  },
  "tags_acc":0.0,
  "token_acc":100.0,
  "textcat_score":0.0,
  "textcats_per_cat":{

  }
}