{
  "uas":0.0,
  "las":0.0,
  "ents_p":87.9784184792,
  "ents_r":87.8155503198,
  "ents_f":87.8969089531,
  "ents_per_type":{
    "PER":{
      "p":88.5076252723,
      "r":88.2193268187,
      "f":88.3632408918
    },
    "LOC":{
      "p":90.9967845659,
      "r":92.4333151878,
      "f":91.7094247907
    },
    "ORG":{
      "p":82.8888888889,
      "r":83.4451901566,
      "f":83.1661092531
    },
    "MISC":{
      "p":88.2821387941,
      "r":84.1648590022,
      "f":86.1743475847
    }
  },
  "tags_acc":0.0,
  "token_acc":100.0,
  "textcat_score":0.0,
  "textcats_per_cat":{

  }
}