{
  "lang":"en",
  "pipeline":[
    "ner"
  ],
  "spacy_version":">=2.2.2",
  "speed":{
    "nwords":51578,
    "cpu":22723.6330321389,
    "gpu":null
  },
  "accuracy":{
    "uas":0.0,
    "las":0.0,
    "ents_p":88.2660813777,
    "ents_r":87.9838438236,
    "ents_f":88.1247366203,
    "ents_per_type":{
      "PER":{
        "p":89.0770070999,
        "r":88.5450597177,
        "f":88.8102368636
      },
      "LOC":{
        "p":90.2851108765,
        "r":93.0865541644,
        "f":91.6644331278
      },
      "ORG":{
        "p":83.6473247928,
        "r":82.774049217,
        "f":83.2083958021
      },
      "MISC":{
        "p":89.2078071183,
        "r":84.273318872,
        "f":86.6703848299
      }
    },
    "tags_acc":0.0,
    "token_acc":100.0,
    "textcat_score":0.0,
    "textcats_per_cat":{

    }
  },
  "vectors":{
    "width":0,
    "vectors":0,
    "keys":0,
    "name":"spacy_pretrained_vectors"
  },
  "name":"model0",
  "version":"0.0.0",
  "labels":{
    "ner":[
      "LOC",
      "MISC",
      "ORG",
      "PER"
    ]
  }
}