{
  "uas":0.0,
  "las":0.0,
  "ents_p":88.203481494,
  "ents_r":87.8323796701,
  "ents_f":88.0175394215,
  "ents_per_type":{
    "PER":{
      "p":89.3956043956,
      "r":88.3279044517,
      "f":88.8585472419
    },
    "LOC":{
      "p":89.9841855561,
      "r":92.9232444203,
      "f":91.4301017675
    },
    "ORG":{
      "p":83.1334332834,
      "r":82.6994780015,
      "f":82.9158878505
    },
    "MISC":{
      "p":89.6073903002,
      "r":84.1648590022,
      "f":86.8008948546
    }
  },
  "tags_acc":0.0,
  "token_acc":100.0,
  "textcat_score":0.0,
  "textcats_per_cat":{

  }
}