{
  "uas":0.0,
  "las":0.0,
  "ents_p":88.061465721,
  "ents_r":87.7650622686,
  "ents_f":87.9130141605,
  "ents_per_type":{
    "PER":{
      "p":88.7185104053,
      "r":87.9478827362,
      "f":88.3315158124
    },
    "LOC":{
      "p":90.88,
      "r":92.7599346761,
      "f":91.8103448276
    },
    "ORG":{
      "p":82.6183431953,
      "r":83.2960477256,
      "f":82.9558113628
    },
    "MISC":{
      "p":89.0678941312,
      "r":83.9479392625,
      "f":86.432160804
    }
  },
  "tags_acc":0.0,
  "token_acc":100.0,
  "textcat_score":0.0,
  "textcats_per_cat":{

  }
}