{
  "lang":"en",
  "pipeline":[
    "ner"
  ],
  "spacy_version":">=2.2.2",
  "speed":{
    "nwords":51578,
    "cpu":27082.1126526206,
    "gpu":null
  },
  "accuracy":{
    "uas":0.0,
    "las":0.0,
    "ents_p":88.5193314199,
    "ents_r":88.2362840794,
    "ents_f":88.3775811209,
    "ents_per_type":{
      "PER":{
        "p":89.2508143322,
        "r":89.2508143322,
        "f":89.2508143322
      },
      "LOC":{
        "p":90.2566788895,
        "r":93.7942297224,
        "f":91.9914575547
      },
      "ORG":{
        "p":84.4155844156,
        "r":82.4011931394,
        "f":83.3962264151
      },
      "MISC":{
        "p":89.3395133256,
        "r":83.6225596529,
        "f":86.3865546218
      }
    },
    "tags_acc":0.0,
    "token_acc":100.0,
    "textcat_score":0.0,
    "textcats_per_cat":{

    }
  },
  "vectors":{
    "width":0,
    "vectors":0,
    "keys":0,
    "name":"spacy_pretrained_vectors"
  },
  "name":"model0",
  "version":"0.0.0",
  "labels":{
    "ner":[
      "LOC",
      "MISC",
      "ORG",
      "PER"
    ]
  }
}