{
  "uas":0.0,
  "las":0.0,
  "ents_p":87.4852220909,
  "ents_r":87.176035005,
  "ents_f":87.3303548849,
  "ents_per_type":{
    "PER":{
      "p":87.8167115903,
      "r":88.4364820847,
      "f":88.125507168
    },
    "LOC":{
      "p":90.0905700586,
      "r":92.0522591181,
      "f":91.0608508347
    },
    "ORG":{
      "p":82.906626506,
      "r":82.1029082774,
      "f":82.5028100412
    },
    "MISC":{
      "p":88.1533101045,
      "r":82.3210412148,
      "f":85.1374088615
    }
  },
  "tags_acc":0.0,
  "token_acc":100.0,
  "textcat_score":0.0,
  "textcats_per_cat":{

  }
}