{
  "lang":"en",
  "pipeline":[
    "ner"
  ],
  "spacy_version":">=2.2.2",
  "speed":{
    "nwords":51578,
    "cpu":27257.7598579625,
    "gpu":null
  },
  "accuracy":{
    "uas":0.0,
    "las":0.0,
    "ents_p":84.7814997449,
    "ents_r":83.91114103,
    "ents_f":84.3440751078,
    "ents_per_type":{
      "PER":{
        "p":86.0243515087,
        "r":88.2193268187,
        "f":87.1080139373
      },
      "LOC":{
        "p":86.8723849372,
        "r":90.4191616766,
        "f":88.610296079
      },
      "ORG":{
        "p":79.126984127,
        "r":74.3475018643,
        "f":76.6628219915
      },
      "MISC":{
        "p":85.7317073171,
        "r":76.2472885033,
        "f":80.7118254879
      }
    },
    "tags_acc":0.0,
    "token_acc":100.0,
    "textcat_score":0.0,
    "textcats_per_cat":{

    }
  },
  "vectors":{
    "width":0,
    "vectors":0,
    "keys":0,
    "name":"spacy_pretrained_vectors"
  },
  "name":"model0",
  "version":"0.0.0",
  "labels":{
    "ner":[
      "LOC",
      "MISC",
      "ORG",
      "PER"
    ]
  }
}