{
  "lang":"en",
  "pipeline":[
    "ner"
  ],
  "spacy_version":">=2.2.2",
  "speed":{
    "nwords":51578,
    "cpu":24525.5188456299,
    "gpu":null
  },
  "accuracy":{
    "uas":0.0,
    "las":0.0,
    "ents_p":87.8398919102,
    "ents_r":87.5294513632,
    "ents_f":87.6843968642,
    "ents_per_type":{
      "PER":{
        "p":88.3531960997,
        "r":88.5450597177,
        "f":88.4490238612
      },
      "LOC":{
        "p":90.6467129877,
        "r":92.324442025,
        "f":91.4778856526
      },
      "ORG":{
        "p":83.2335329341,
        "r":82.923191648,
        "f":83.0780724692
      },
      "MISC":{
        "p":87.7880184332,
        "r":82.6464208243,
        "f":85.1396648045
      }
    },
    "tags_acc":0.0,
    "token_acc":100.0,
    "textcat_score":0.0,
    "textcats_per_cat":{

    }
  },
  "vectors":{
    "width":0,
    "vectors":0,
    "keys":0,
    "name":"spacy_pretrained_vectors"
  },
  "name":"model0",
  "version":"0.0.0",
  "labels":{
    "ner":[
      "LOC",
      "MISC",
      "ORG",
      "PER"
    ]
  }
}