{
  "uas":0.0,
  "las":0.0,
  "ents_p":88.2759784076,
  "ents_r":88.0679905756,
  "ents_f":88.1718618366,
  "ents_per_type":{
    "PER":{
      "p":88.6843530049,
      "r":88.9250814332,
      "f":88.8045540797
    },
    "LOC":{
      "p":91.2205567452,
      "r":92.7599346761,
      "f":91.983805668
    },
    "ORG":{
      "p":83.3333333333,
      "r":83.5197613721,
      "f":83.426443203
    },
    "MISC":{
      "p":88.7226697353,
      "r":83.6225596529,
      "f":86.0971524288
    }
  },
  "tags_acc":0.0,
  "token_acc":100.0,
  "textcat_score":0.0,
  "textcats_per_cat":{

  }
}