{
  "uas":0.0,
  "las":0.0,
  "ents_p":88.0357745528,
  "ents_r":87.7987209694,
  "ents_f":87.9170879676,
  "ents_per_type":{
    "PER":{
      "p":88.5854724194,
      "r":88.0564603692,
      "f":88.3201742445
    },
    "LOC":{
      "p":91.0695187166,
      "r":92.7054980947,
      "f":91.8802265983
    },
    "ORG":{
      "p":82.8020756116,
      "r":83.2960477256,
      "f":83.0483271375
    },
    "MISC":{
      "p":88.4703196347,
      "r":84.0563991323,
      "f":86.2068965517
    }
  },
  "tags_acc":0.0,
  "token_acc":100.0,
  "textcat_score":0.0,
  "textcats_per_cat":{

  }
}