{
  "lang":"en",
  "pipeline":[
    "ner"
  ],
  "spacy_version":">=2.2.2",
  "speed":{
    "nwords":51578,
    "cpu":24901.6003447154,
    "gpu":null
  },
  "accuracy":{
    "uas":0.0,
    "las":0.0,
    "ents_p":88.2362869198,
    "ents_r":87.9838438236,
    "ents_f":88.1098845538,
    "ents_per_type":{
      "PER":{
        "p":89.0277023357,
        "r":88.9793702497,
        "f":89.0035297312
      },
      "LOC":{
        "p":90.0683131897,
        "r":93.3043004899,
        "f":91.6577540107
      },
      "ORG":{
        "p":84.030418251,
        "r":82.4011931394,
        "f":83.2078313253
      },
      "MISC":{
        "p":88.9145496536,
        "r":83.5140997831,
        "f":86.129753915
      }
    },
    "tags_acc":0.0,
    "token_acc":100.0,
    "textcat_score":0.0,
    "textcats_per_cat":{

    }
  },
  "vectors":{
    "width":0,
    "vectors":0,
    "keys":0,
    "name":"spacy_pretrained_vectors"
  },
  "name":"model0",
  "version":"0.0.0",
  "labels":{
    "ner":[
      "LOC",
      "MISC",
      "ORG",
      "PER"
    ]
  }
}