{
  "uas":0.0,
  "las":0.0,
  "ents_p":88.6563133018,
  "ents_r":88.3877482329,
  "ents_f":88.5218270689,
  "ents_per_type":{
    "PER":{
      "p":88.7688984881,
      "r":89.2508143322,
      "f":89.0092041148
    },
    "LOC":{
      "p":91.1795961743,
      "r":93.4131736527,
      "f":92.2828717397
    },
    "ORG":{
      "p":84.5861807137,
      "r":83.072334079,
      "f":83.8224228743
    },
    "MISC":{
      "p":89.1179839633,
      "r":84.3817787419,
      "f":86.6852367688
    }
  },
  "tags_acc":0.0,
  "token_acc":100.0,
  "textcat_score":0.0,
  "textcats_per_cat":{

  }
}