{
  "uas":0.0,
  "las":0.0,
  "ents_p":88.2888963888,
  "ents_r":88.0511612252,
  "ents_f":88.1698685541,
  "ents_per_type":{
    "PER":{
      "p":89.0522875817,
      "r":88.7622149837,
      "f":88.9070146819
    },
    "LOC":{
      "p":90.8368644068,
      "r":93.3587370713,
      "f":92.0805369128
    },
    "ORG":{
      "p":83.033033033,
      "r":82.475764355,
      "f":82.7534605312
    },
    "MISC":{
      "p":89.1954022989,
      "r":84.1648590022,
      "f":86.6071428571
    }
  },
  "tags_acc":0.0,
  "token_acc":100.0,
  "textcat_score":0.0,
  "textcats_per_cat":{

  }
}