{
  "lang":"en",
  "pipeline":[
    "ner"
  ],
  "spacy_version":">=2.2.2",
  "speed":{
    "nwords":51578,
    "cpu":26709.2055826372,
    "gpu":null
  },
  "accuracy":{
    "uas":0.0,
    "las":0.0,
    "ents_p":86.1491628615,
    "ents_r":85.7287108718,
    "ents_f":85.9384226065,
    "ents_per_type":{
      "PER":{
        "p":86.8983957219,
        "r":88.2193268187,
        "f":87.5538793103
      },
      "LOC":{
        "p":88.2939632546,
        "r":91.5623298857,
        "f":89.8984500267
      },
      "ORG":{
        "p":81.1538461538,
        "r":78.6726323639,
        "f":79.8939795532
      },
      "MISC":{
        "p":87.3508353222,
        "r":79.3926247289,
        "f":83.1818181818
      }
    },
    "tags_acc":0.0,
    "token_acc":100.0,
    "textcat_score":0.0,
    "textcats_per_cat":{

    }
  },
  "vectors":{
    "width":0,
    "vectors":0,
    "keys":0,
    "name":"spacy_pretrained_vectors"
  },
  "name":"model0",
  "version":"0.0.0",
  "labels":{
    "ner":[
      "LOC",
      "MISC",
      "ORG",
      "PER"
    ]
  }
}