{
  "lang":"en",
  "pipeline":[
    "ner"
  ],
  "spacy_version":">=2.2.2",
  "speed":{
    "nwords":51578,
    "cpu":27391.5261734372,
    "gpu":null
  },
  "accuracy":{
    "uas":0.0,
    "las":0.0,
    "ents_p":87.356127285,
    "ents_r":86.8562773477,
    "ents_f":87.1054852321,
    "ents_per_type":{
      "PER":{
        "p":88.0346507851,
        "r":88.2736156352,
        "f":88.1539712659
      },
      "LOC":{
        "p":88.9586603872,
        "r":92.5421883506,
        "f":90.7150480256
      },
      "ORG":{
        "p":83.2561728395,
        "r":80.4623415362,
        "f":81.8354190368
      },
      "MISC":{
        "p":88.5245901639,
        "r":81.9956616052,
        "f":85.1351351351
      }
    },
    "tags_acc":0.0,
    "token_acc":100.0,
    "textcat_score":0.0,
    "textcats_per_cat":{

    }
  },
  "vectors":{
    "width":0,
    "vectors":0,
    "keys":0,
    "name":"spacy_pretrained_vectors"
  },
  "name":"model0",
  "version":"0.0.0",
  "labels":{
    "ner":[
      "LOC",
      "MISC",
      "ORG",
      "PER"
    ]
  }
}