{
  "lang":"en",
  "pipeline":[
    "ner"
  ],
  "spacy_version":">=2.2.2",
  "speed":{
    "nwords":51578,
    "cpu":25434.6972113162,
    "gpu":null
  },
  "accuracy":{
    "uas":0.0,
    "las":0.0,
    "ents_p":88.1995954147,
    "ents_r":88.0511612252,
    "ents_f":88.1253158161,
    "ents_per_type":{
      "PER":{
        "p":88.4199134199,
        "r":88.7079261672,
        "f":88.5636856369
      },
      "LOC":{
        "p":91.2834224599,
        "r":92.9232444203,
        "f":92.0960345293
      },
      "ORG":{
        "p":82.9250185598,
        "r":83.2960477256,
        "f":83.1101190476
      },
      "MISC":{
        "p":89.2733564014,
        "r":83.9479392625,
        "f":86.5287870319
      }
    },
    "tags_acc":0.0,
    "token_acc":100.0,
    "textcat_score":0.0,
    "textcats_per_cat":{

    }
  },
  "vectors":{
    "width":0,
    "vectors":0,
    "keys":0,
    "name":"spacy_pretrained_vectors"
  },
  "name":"model0",
  "version":"0.0.0",
  "labels":{
    "ner":[
      "LOC",
      "MISC",
      "ORG",
      "PER"
    ]
  }
}