{
  "lang":"en",
  "pipeline":[
    "ner"
  ],
  "spacy_version":">=2.2.2",
  "speed":{
    "nwords":51578,
    "cpu":27892.8955640958,
    "gpu":null
  },
  "accuracy":{
    "uas":0.0,
    "las":0.0,
    "ents_p":88.2948220611,
    "ents_r":88.1016492763,
    "ents_f":88.1981298964,
    "ents_per_type":{
      "PER":{
        "p":88.5822510823,
        "r":88.8707926167,
        "f":88.7262872629
      },
      "LOC":{
        "p":90.5063291139,
        "r":93.4131736527,
        "f":91.9367800696
      },
      "ORG":{
        "p":84.5565749235,
        "r":82.475764355,
        "f":83.503208758
      },
      "MISC":{
        "p":88.4834663626,
        "r":84.1648590022,
        "f":86.2701500834
      }
    },
    "tags_acc":0.0,
    "token_acc":100.0,
    "textcat_score":0.0,
    "textcats_per_cat":{

    }
  },
  "vectors":{
    "width":0,
    "vectors":0,
    "keys":0,
    "name":"spacy_pretrained_vectors"
  },
  "name":"model0",
  "version":"0.0.0",
  "labels":{
    "ner":[
      "LOC",
      "MISC",
      "ORG",
      "PER"
    ]
  }
}