{
  "lang":"en",
  "pipeline":[
    "ner"
  ],
  "spacy_version":">=2.2.2",
  "speed":{
    "nwords":51578,
    "cpu":25317.8922562641,
    "gpu":null
  },
  "accuracy":{
    "uas":0.0,
    "las":0.0,
    "ents_p":88.5791518838,
    "ents_r":88.2362840794,
    "ents_f":88.4073855493,
    "ents_per_type":{
      "PER":{
        "p":88.8407367281,
        "r":89.0336590662,
        "f":88.9370932755
      },
      "LOC":{
        "p":90.7936507937,
        "r":93.4131736527,
        "f":92.0847866917
      },
      "ORG":{
        "p":84.5274390244,
        "r":82.6994780015,
        "f":83.6034677723
      },
      "MISC":{
        "p":89.3226176808,
        "r":84.3817787419,
        "f":86.7819297267
      }
    },
    "tags_acc":0.0,
    "token_acc":100.0,
    "textcat_score":0.0,
    "textcats_per_cat":{

    }
  },
  "vectors":{
    "width":0,
    "vectors":0,
    "keys":0,
    "name":"spacy_pretrained_vectors"
  },
  "name":"model0",
  "version":"0.0.0",
  "labels":{
    "ner":[
      "LOC",
      "MISC",
      "ORG",
      "PER"
    ]
  }
}