{
  "uas":0.0,
  "las":0.0,
  "ents_p":88.3791533142,
  "ents_r":88.1857960283,
  "ents_f":88.2823687979,
  "ents_per_type":{
    "PER":{
      "p":88.6609071274,
      "r":89.1422366992,
      "f":88.9009204115
    },
    "LOC":{
      "p":91.0106382979,
      "r":93.1409907458,
      "f":92.0634920635
    },
    "ORG":{
      "p":83.8102409639,
      "r":82.9977628635,
      "f":83.4020232297
    },
    "MISC":{
      "p":89.0678941312,
      "r":83.9479392625,
      "f":86.432160804
    }
  },
  "tags_acc":0.0,
  "token_acc":100.0,
  "textcat_score":0.0,
  "textcats_per_cat":{

  }
}