{
  "lang":"en",
  "pipeline":[
    "ner"
  ],
  "spacy_version":">=2.2.2",
  "speed":{
    "nwords":51578,
    "cpu":25705.0485965358,
    "gpu":null
  },
  "accuracy":{
    "uas":0.0,
    "las":0.0,
    "ents_p":88.1000676133,
    "ents_r":87.7145742174,
    "ents_f":87.9068982965,
    "ents_per_type":{
      "PER":{
        "p":88.7547997806,
        "r":87.8393051031,
        "f":88.2946793997
      },
      "LOC":{
        "p":90.9333333333,
        "r":92.8143712575,
        "f":91.8642241379
      },
      "ORG":{
        "p":82.838038633,
        "r":83.1469052946,
        "f":82.9921845925
      },
      "MISC":{
        "p":88.7614678899,
        "r":83.9479392625,
        "f":86.2876254181
      }
    },
    "tags_acc":0.0,
    "token_acc":100.0,
    "textcat_score":0.0,
    "textcats_per_cat":{

    }
  },
  "vectors":{
    "width":0,
    "vectors":0,
    "keys":0,
    "name":"spacy_pretrained_vectors"
  },
  "name":"model0",
  "version":"0.0.0",
  "labels":{
    "ner":[
      "LOC",
      "MISC",
      "ORG",
      "PER"
    ]
  }
}