{
  "uas":0.0,
  "las":0.0,
  "ents_p":88.1638846737,
  "ents_r":88.000673174,
  "ents_f":88.0822033185,
  "ents_per_type":{
    "PER":{
      "p":88.4615384615,
      "r":88.6536373507,
      "f":88.557483731
    },
    "LOC":{
      "p":91.1087305838,
      "r":92.596624932,
      "f":91.8466522678
    },
    "ORG":{
      "p":83.0609212481,
      "r":83.3706189411,
      "f":83.2154819501
    },
    "MISC":{
      "p":89.1055045872,
      "r":84.273318872,
      "f":86.6220735786
    }
  },
  "tags_acc":0.0,
  "token_acc":100.0,
  "textcat_score":0.0,
  "textcats_per_cat":{

  }
}