{
  "uas":0.0,
  "las":0.0,
  "ents_p":88.0675105485,
  "ents_r":87.8155503198,
  "ents_f":87.9413499621,
  "ents_per_type":{
    "PER":{
      "p":88.5496183206,
      "r":88.1650380022,
      "f":88.3569096844
    },
    "LOC":{
      "p":90.948044992,
      "r":92.4333151878,
      "f":91.6846652268
    },
    "ORG":{
      "p":83.0244625649,
      "r":83.5197613721,
      "f":83.2713754647
    },
    "MISC":{
      "p":88.6857142857,
      "r":84.1648590022,
      "f":86.3661658319
    }
  },
  "tags_acc":0.0,
  "token_acc":100.0,
  "textcat_score":0.0,
  "textcats_per_cat":{

  }
}