{
  "uas":0.0,
  "las":0.0,
  "ents_p":88.1618887015,
  "ents_r":87.9838438236,
  "ents_f":88.0727762803,
  "ents_per_type":{
    "PER":{
      "p":88.3783783784,
      "r":88.7622149837,
      "f":88.5698808234
    },
    "LOC":{
      "p":91.1906033102,
      "r":92.9776810016,
      "f":92.0754716981
    },
    "ORG":{
      "p":83.084947839,
      "r":83.1469052946,
      "f":83.1159150205
    },
    "MISC":{
      "p":89.0173410405,
      "r":83.5140997831,
      "f":86.1779518747
    }
  },
  "tags_acc":0.0,
  "token_acc":100.0,
  "textcat_score":0.0,
  "textcats_per_cat":{

  }
}