{
  "lang":"en",
  "pipeline":[
    "ner"
  ],
  "spacy_version":">=2.2.2",
  "speed":{
    "nwords":51578,
    "cpu":27531.6164140917,
    "gpu":null
  },
  "accuracy":{
    "uas":0.0,
    "las":0.0,
    "ents_p":88.2601351351,
    "ents_r":87.9333557725,
    "ents_f":88.0964424212,
    "ents_per_type":{
      "PER":{
        "p":89.1980360065,
        "r":88.7622149837,
        "f":88.9795918367
      },
      "LOC":{
        "p":90.3225806452,
        "r":92.9776810016,
        "f":91.6309012876
      },
      "ORG":{
        "p":83.6611195159,
        "r":82.475764355,
        "f":83.0642132933
      },
      "MISC":{
        "p":88.7871853547,
        "r":84.1648590022,
        "f":86.4142538976
      }
    },
    "tags_acc":0.0,
    "token_acc":100.0,
    "textcat_score":0.0,
    "textcats_per_cat":{

    }
  },
  "vectors":{
    "width":0,
    "vectors":0,
    "keys":0,
    "name":"spacy_pretrained_vectors"
  },
  "name":"model0",
  "version":"0.0.0",
  "labels":{
    "ner":[
      "LOC",
      "MISC",
      "ORG",
      "PER"
    ]
  }
}