{
  "lang":"en",
  "pipeline":[
    "ner"
  ],
  "spacy_version":">=2.2.2",
  "speed":{
    "nwords":51578,
    "cpu":25143.8147424711,
    "gpu":null
  },
  "accuracy":{
    "uas":0.0,
    "las":0.0,
    "ents_p":79.3068297655,
    "ents_r":78.5594076069,
    "ents_f":78.9313493405,
    "ents_per_type":{
      "PER":{
        "p":79.2253521127,
        "r":85.5048859935,
        "f":82.2454308094
      },
      "LOC":{
        "p":82.5232678387,
        "r":86.8807838868,
        "f":84.645982498
      },
      "ORG":{
        "p":72.7577535624,
        "r":64.7278150634,
        "f":68.5082872928
      },
      "MISC":{
        "p":81.5823605707,
        "r":68.2212581345,
        "f":74.3059657413
      }
    },
    "tags_acc":0.0,
    "token_acc":100.0,
    "textcat_score":0.0,
    "textcats_per_cat":{

    }
  },
  "vectors":{
    "width":0,
    "vectors":0,
    "keys":0,
    "name":"spacy_pretrained_vectors"
  },
  "name":"model0",
  "version":"0.0.0",
  "labels":{
    "ner":[
      "LOC",
      "MISC",
      "ORG",
      "PER"
    ]
  }
}