{
  "uas":0.0,
  "las":0.0,
  "ents_p":88.1964436918,
  "ents_r":87.6472568159,
  "ents_f":87.9209926564,
  "ents_per_type":{
    "PER":{
      "p":88.6041439477,
      "r":88.2193268187,
      "f":88.4113166485
    },
    "LOC":{
      "p":90.8556149733,
      "r":92.4877517692,
      "f":91.6644186674
    },
    "ORG":{
      "p":83.147735709,
      "r":83.5197613721,
      "f":83.3333333333
    },
    "MISC":{
      "p":89.4613583138,
      "r":82.863340564,
      "f":86.036036036
    }
  },
  "tags_acc":0.0,
  "token_acc":100.0,
  "textcat_score":0.0,
  "textcats_per_cat":{

  }
}