{
  "lang":"en",
  "pipeline":[
    "ner"
  ],
  "spacy_version":">=2.2.2",
  "speed":{
    "nwords":51578,
    "cpu":22390.5082095778,
    "gpu":null
  },
  "accuracy":{
    "uas":0.0,
    "las":0.0,
    "ents_p":88.1121242823,
    "ents_r":87.8155503198,
    "ents_f":87.963587323,
    "ents_per_type":{
      "PER":{
        "p":88.9192139738,
        "r":88.4364820847,
        "f":88.6771910724
      },
      "LOC":{
        "p":91.1480686695,
        "r":92.4877517692,
        "f":91.8130235072
      },
      "ORG":{
        "p":82.1585903084,
        "r":83.4451901566,
        "f":82.7968923418
      },
      "MISC":{
        "p":89.2361111111,
        "r":83.6225596529,
        "f":86.3381858903
      }
    },
    "tags_acc":0.0,
    "token_acc":100.0,
    "textcat_score":0.0,
    "textcats_per_cat":{

    }
  },
  "vectors":{
    "width":0,
    "vectors":0,
    "keys":0,
    "name":"spacy_pretrained_vectors"
  },
  "name":"model0",
  "version":"0.0.0",
  "labels":{
    "ner":[
      "LOC",
      "MISC",
      "ORG",
      "PER"
    ]
  }
}