{
  "lang":"en",
  "pipeline":[
    "ner"
  ],
  "spacy_version":">=2.2.2",
  "speed":{
    "nwords":51578,
    "cpu":27807.7344621758,
    "gpu":null
  },
  "accuracy":{
    "uas":0.0,
    "las":0.0,
    "ents_p":88.159892056,
    "ents_r":87.9670144732,
    "ents_f":88.0633476539,
    "ents_per_type":{
      "PER":{
        "p":88.4907709012,
        "r":88.4907709012,
        "f":88.4907709012
      },
      "LOC":{
        "p":91.2,
        "r":93.0865541644,
        "f":92.1336206897
      },
      "ORG":{
        "p":82.9359165425,
        "r":82.9977628635,
        "f":82.9668281774
      },
      "MISC":{
        "p":88.9655172414,
        "r":83.9479392625,
        "f":86.3839285714
      }
    },
    "tags_acc":0.0,
    "token_acc":100.0,
    "textcat_score":0.0,
    "textcats_per_cat":{

    }
  },
  "vectors":{
    "width":0,
    "vectors":0,
    "keys":0,
    "name":"spacy_pretrained_vectors"
  },
  "name":"model0",
  "version":"0.0.0",
  "labels":{
    "ner":[
      "LOC",
      "MISC",
      "ORG",
      "PER"
    ]
  }
}