{
  "uas":0.0,
  "las":0.0,
  "ents_p":88.2840236686,
  "ents_r":87.8828677213,
  "ents_f":88.0829889517,
  "ents_per_type":{
    "PER":{
      "p":88.3432271991,
      "r":88.8707926167,
      "f":88.6062246279
    },
    "LOC":{
      "p":91.2787586945,
      "r":92.8688078389,
      "f":92.0669185105
    },
    "ORG":{
      "p":83.6596385542,
      "r":82.8486204325,
      "f":83.2521543649
    },
    "MISC":{
      "p":88.7861271676,
      "r":83.2971800434,
      "f":85.9541130386
    }
  },
  "tags_acc":0.0,
  "token_acc":100.0,
  "textcat_score":0.0,
  "textcats_per_cat":{

  }
}